,participant,session,id,condition,biotype,speaker,text,duration,running_duration,block,line_id
P001_S1_B1_L1,1,P001_S1,P001_S1_0,placebo,low,PARTICIPANT,"Yeah, I’m good to start. The way I approached today was pretty deliberate on the emotional side. Before we began, I made a little mental dashboard, and I carved out a lane just for feeling. I picture it like a highway with dedicated lanes: one lane for anything you’d ask",30,30,1,P001_S1_B1_L1
P001_S1_B1_L2,1,P001_S1,P001_S1_1,placebo,low,PARTICIPANT,"me to do, one lane for the basic “being here,” and then a clear lane for feelings. I also kept a shoulder on that highway, a safe pull-off where I could park something that felt big and leave it for later. That’s become a habit for me—if I give emotions",30,60,1,P001_S1_B1_L2
P001_S1_B1_L3,1,P001_S1,P001_S1_2,placebo,low,PARTICIPANT,"their own bandwidth, they don’t have to fight the rest of my life to get airtime. I can keep them flowing without them taking over. During the session, I intentionally opened that feeling lane about a quarter of the way, like turning up a dimmer switch rather than flipping a",30,90,1,P001_S1_B1_L3
P001_S1_B1_L4,1,P001_S1,P001_S1_3,placebo,low,PARTICIPANT,"light on. Even though my body felt pretty neutral, I wanted to let whatever came up have a legal space to show up. When a warm wave or a little ache would pass through, I wouldn’t chase it; I’d let it roll down the lane. If something thornier appeared, I",30,120,1,P001_S1_B1_L4
P001_S1_B1_L5,1,P001_S1,P001_S1_4,placebo,low,PARTICIPANT,"tagged it and placed it on that shoulder to revisit tonight. I mentally label those with quick tags, almost like folders—“grief: dad,” “joy: morning light,” “curiosity: why that memory now”—and then I don’t make them perform immediately. That helps me stay with you and still promise those feelings I’ll come",30,150,1,P001_S1_B1_L5
P001_S1_B1_L6,1,P001_S1,P001_S1_5,placebo,low,PARTICIPANT,"back to them with real time. It makes the whole experience feel clean. I’m not tugged in ten directions. The doing lane stays smooth—saying what’s true, noticing in simple terms—and the feeling lane gets its own throughput. If I sense traffic building there, I meter it: “Okay, five breaths, let",30,180,1,P001_S1_B1_L6
P001_S1_B1_L7,1,P001_S1,P001_S1_6,placebo,low,PARTICIPANT,"one car through, then hold.” It’s strange to describe, but it’s reliably effective. I think it’s part of why I get that afterglow even when nothing huge happens in the moment. The system itself is caring. It tells me: I will keep a seat warm for this feeling later, I",30,210,1,P001_S1_B1_L7
P001_S1_B1_L8,1,P001_S1,P001_S1_7,placebo,low,PARTICIPANT,"won’t ghost it. So I can be present without shutting down. There was a moment when a flash of my dad washing apples popped in, this old image with the sink light. In my old style, I’d either dive in or shove it away. Today, it went to the feeling",30,240,1,P001_S1_B1_L8
P001_S1_B2_L1,1,P001_S1,P001_S1_8,placebo,low,PARTICIPANT,"lane. I gave it a tiny nod: “You’re on the list.” I made a micro-appointment in my head—after dinner, ten minutes, lights low, let that scene play. That’s the “later” lane. In my experience, keeping that later lane stocked but not crammed helps the whole week. Instead of a surge",30,270,2,P001_S1_B2_L1
P001_S1_B2_L2,1,P001_S1,P001_S1_9,placebo,low,PARTICIPANT,"and then a wall, it’s like a steady trickle of good contact with myself. I don’t have to be dramatic to be deep. The depth comes from honoring the queue. My focus felt steady the whole time. The lanes made it so I didn’t need to monitor anything too tightly.",30,300,2,P001_S1_B2_L2
P001_S1_B2_L3,1,P001_S1,P001_S1_10,placebo,low,PARTICIPANT,"I didn’t feel pressure to be brilliant or especially emotive; I just let the system do what it does. I find that when I trust the compartments I’ve set up, it frees a kind of gentle closeness. I can turn toward a feeling without letting it take the wheel. That’s",30,330,2,P001_S1_B2_L3
P001_S1_B2_L4,1,P001_S1,P001_S1_11,placebo,low,PARTICIPANT,"the balance I want: the task lane rolling along, the feeling lane humming, and a quiet message to both that neither is more important than the other today. I like the predictability of it—like I know where everything goes, and so I can relax. After we wrapped, I kept the",30,360,2,P001_S1_B2_L4
P001_S1_B2_L5,1,P001_S1,P001_S1_12,placebo,low,PARTICIPANT,"feeling lane active instead of shutting it. I put a half-hour block on my evening—nothing fancy, just space to sit and let whatever I tagged arrive. I told my partner I might be a bit reflective after dinner, and I asked for a small hug at the doorway before we",30,390,2,P001_S1_B2_L5
P001_S1_B2_L6,1,P001_S1,P001_S1_13,placebo,low,PARTICIPANT,"go into our usual conversation puzzles. That hug is like opening the gate for the feeling lane: it tells my body and mind we’re moving from “doing” into “allowing.” When I do that, the afterglow lasts. I stay softer for days. I notice I reach for people a little more.",30,420,2,P001_S1_B2_L6
P001_S1_B2_L7,1,P001_S1,P001_S1_14,placebo,low,PARTICIPANT,"I notice I’m more likely to linger in the kitchen after breakfast and touch someone’s shoulder. It isn’t fireworks; it’s like a low light that stays on, making the room feel livable. This past week was a good example of how that structure carries. I kept sprinkling five-minute check-ins through",30,450,2,P001_S1_B2_L7
P001_S1_B2_L8,1,P001_S1,P001_S1_15,placebo,low,PARTICIPANT,"the day—little walkabouts where I’d mentally ask, “What’s in the lane? What can pass? What needs to park?” I’ll literally step into the hallway, lean against the wall, and let one bead of feeling roll through. Then I return to my desk. It doesn’t derail me. If anything, it keeps",30,480,2,P001_S1_B2_L8
P001_S1_B3_L1,1,P001_S1,P001_S1_16,placebo,low,PARTICIPANT,"me from building pressure. By the weekend, I’m not bursting. I’m just…available. My niece asked me to braid her hair on Sunday, and I found myself more patient with the tangles. That came right out of the lane staying open: because I hadn’t clogged it or closed it, I had",30,510,3,P001_S1_B3_L1
P001_S1_B3_L2,1,P001_S1,P001_S1_17,placebo,low,PARTICIPANT,"warmth left to hand out. Another thing I notice is that the “later” lane changes the tone of my evenings. Instead of scrolling, I’ll keep a little list next to my bed—two or three tags I parked earlier. I set a timer for ten minutes and let one of them",30,540,3,P001_S1_B3_L2
P001_S1_B3_L3,1,P001_S1,P001_S1_18,placebo,low,PARTICIPANT,"have the floor. If it’s grief, I let it be heavy without analyzing. If it’s joy, I let it bubble. When the timer dings, I say, “You’ll get more time tomorrow,” and I keep the trust intact. That promise matters. It turns my week into a series of small commitments",30,570,3,P001_S1_B3_L3
P001_S1_B3_L4,1,P001_S1,P001_S1_19,placebo,low,PARTICIPANT,"to feeling, and it keeps the afterglow alive. I end up hugging my partner more freely, being quicker to say yes to a walk, and less likely to armor up in conversations. It shows up in the tiny choices. Even right now as we talk, I’m using that same structure.",30,600,3,P001_S1_B3_L4
P001_S1_B3_L5,1,P001_S1,P001_S1_20,placebo,low,PARTICIPANT,"There’s the lane where I’m answering you, which stays clear and simple. And nested alongside is the lane where I’m letting small textures pass—like a thin thread of warmth in my chest when I said “washing apples.” I’m not milking it; I’m just letting it be there so I can",30,630,3,P001_S1_B3_L5
P001_S1_B3_L6,1,P001_S1,P001_S1_21,placebo,low,PARTICIPANT,"be honest about what’s present. If the thread thickens, I’ll tag it and come back to you. That rhythm feels respectful to both of us. You get me present and articulate; I get to remain emotionally honest without tipping over. It’s not performative, just organized. Physically, today felt straightforward, which",30,660,3,P001_S1_B3_L6
P001_S1_B3_L7,1,P001_S1,P001_S1_22,placebo,low,PARTICIPANT,"actually made it easier to lean on the structure. With nothing pulling me off center, I could set the dials where I wanted them. I chose “gentle openness” and kept it there. That was enough. I didn’t need to push for anything dramatic. I also didn’t feel like I had",30,690,3,P001_S1_B3_L7
P001_S1_B3_L8,1,P001_S1,P001_S1_23,placebo,low,PARTICIPANT,"to shut anything down. The lanes did the work. And because I’m not wrestling with whether something is big enough or interesting enough to deserve time, I’m less likely to overthink. If it shows up, it gets a folder. If it hums, it gets to hum. If it knocks, I",30,720,3,P001_S1_B3_L8
P001_S1_B4_L1,1,P001_S1,P001_S1_24,placebo,low,PARTICIPANT,"schedule it. That’s my whole theology of feeling. There’s a social piece here, too. When I keep a lane open, I listen better. It’s like there’s a reserved chair at the table for my emotions, so they don’t have to interrupt. That translates into me giving more space to the",30,750,4,P001_S1_B4_L1
P001_S1_B4_L2,1,P001_S1,P001_S1_25,placebo,low,PARTICIPANT,"person in front of me. At dinner, my partner told me a story I’ve heard pieces of before, and instead of jumping in with solutions, I found myself saying, “Tell me more,” and really meaning it. The feeling lane holds my reactions so my words can be clean. Later, when",30,780,4,P001_S1_B4_L2
P001_S1_B4_L3,1,P001_S1,P001_S1_26,placebo,low,PARTICIPANT,"we went to bed, I could bring my own feelings with clarity, not as a burst of pent-up stuff. That sequence—listen fully, share cleanly—comes from the bandwidth plan. Over the next few days, I’ll keep the pattern. I already made small calendar notes: tomorrow morning, five minutes with that “apples”",30,810,4,P001_S1_B4_L3
P001_S1_B4_L4,1,P001_S1,P001_S1_27,placebo,low,PARTICIPANT,"scene; Friday night, a longer sit with a tenderness I felt around my sister; Sunday afternoon, a check-in walk with myself before I see friends. These aren’t chores; they’re like watering plants. When I water regularly, everything in the house feels vibrant. I end up saying yes to small invitations,",30,840,4,P001_S1_B4_L4
P001_S1_B4_L5,1,P001_S1,P001_S1_28,placebo,low,PARTICIPANT,"like sitting on the floor with my niece to play cards, or sending a quick “thinking of you” text to a friend who crossed my mind. It’s the same energy reallocated—less spent on managing, more on relating. Something I appreciate is how this structure protects me from all-or-nothing swings. Instead",30,870,4,P001_S1_B4_L5
P001_S1_B4_L6,1,P001_S1,P001_S1_29,placebo,low,PARTICIPANT,"of treating today as the only window when feelings are allowed, I treat today as the opening of a week-long arc. The arc is smooth: begin, attend, return, repeat. So if a feeling today is shy or slow, it still gets a promise of future airtime. That takes away pressure.",30,900,4,P001_S1_B4_L6
P001_S1_B4_L7,1,P001_S1,P001_S1_30,placebo,low,PARTICIPANT,"I notice my shoulders drop. I can feel a good kind of discipline about it. Not stiff, just reliable—like I’m the kind of person who shows up for my own inner world on schedule. That identity shift matters to me. It’s what makes these sessions, even quieter ones, translate into",30,930,4,P001_S1_B4_L7
P001_S1_B4_L8,1,P001_S1,P001_S1_31,placebo,low,PARTICIPANT,"life. I also like to add a very simple ritual to anchor the lane—something tactile. This week I moved a small stone from my desk to my pocket. When I touch it, I ask, “What’s in the lane?” and I give whatever answers two breaths. I don’t interrogate. If nothing’s",30,960,4,P001_S1_B4_L8
P001_S1_B5_L1,1,P001_S1,P001_S1_32,placebo,low,PARTICIPANT,"there, I respect the emptiness as a form of arrival. If something is there, I let it crest a little and then I move on. That tiny ritual keeps me honest without making a show of it. It’s portable. It helps me in places where I can’t do a full",30,990,5,P001_S1_B5_L1
P001_S1_B5_L2,1,P001_S1,P001_S1_33,placebo,low,PARTICIPANT,"sit, like in line or on a bus. The cumulative effect is that the afterglow isn’t a mood; it’s a tone, kept alive by attention. One more thing I notice is the way this changes my body language with people I love. I’m more likely to reach out first—an arm",30,1020,5,P001_S1_B5_L2
P001_S1_B5_L3,1,P001_S1,P001_S1_34,placebo,low,PARTICIPANT,"around a shoulder, a hand on a back. I have more easy laughter. I let silence sit longer without trying to fix it. Those are small, observable changes that come from having that lane open. It’s like my nervous system believes me when I say, “We’ll keep making space for",30,1050,5,P001_S1_B5_L3
P001_S1_B5_L4,1,P001_S1,P001_S1_35,placebo,low,PARTICIPANT,"this,” and so it stops bracing. Then connection gets simpler. Even at work, I notice I soften my voice around noon and check in with a colleague in a warmer way. It’s not a strategy; it’s a byproduct of not being flooded or starved emotionally. So, for tonight, I’ll keep",30,1080,5,P001_S1_B5_L4
P001_S1_B5_L5,1,P001_S1,P001_S1_36,placebo,low,PARTICIPANT,"it gentle. I’ve got that ten-minute window for the “apples” memory. I’ll sit with it and let whatever ache is there be there. Then I’ll write one sentence to future me—“Revisit this on Saturday”—and close it with gratitude. I’ll ask for that doorway hug again, because it helps mark the",30,1110,5,P001_S1_B5_L5
P001_S1_B5_L6,1,P001_S1,P001_S1_37,placebo,low,PARTICIPANT,"shift into the feeling lane. And I’ll keep the stone in my pocket tomorrow. If I hold to that, I know I’ll feel the afterglow in the ways that matter: a little more patience with myself, a little more generosity with others, a sense of being able to hold two",30,1140,5,P001_S1_B5_L6
P001_S1_B5_L7,1,P001_S1,P001_S1_38,placebo,low,PARTICIPANT,"things at once without splitting apart. That’s the heart of it for me—allocating bandwidth on purpose so feeling has a rightful place, not an emergency exit. It keeps me steady here, and it keeps me soft later. I don’t need anything loud to happen for it to work. I just",30,1170,5,P001_S1_B5_L7
P001_S1_B5_L8,1,P001_S1,P001_S1_39,placebo,low,PARTICIPANT,"need to keep the lanes painted, the meter fair, the promises kept. When I do that, the rest of my life feels more breathable. And that’s the outcome I’m after: a life where tenderness isn’t squeezed out by tasks, and tasks aren’t drowned by tenderness. Both get to move, side",30,1200,5,P001_S1_B5_L8
P001_S1_B5_L9,1,P001_S1,P001_S1_40,placebo,low,PARTICIPANT,"by side, with me as the one setting the pace.",30,1230,5,P001_S1_B5_L9
P002_S1_B1_L1,2,P002_S1,P002_S1_0,placebo,high,PARTICIPANT,"Okay, so right now I’m noticing a kind of pulsing in my attention—like I’ll get a few seconds where I’m honed in, almost tunnel-vision on your face and the edges blur, and then it relaxes and I get a soft, slightly floaty drift. It’s not dramatic, it’s more like a",30,30,1,P002_S1_B1_L1
P002_S1_B1_L2,2,P002_S1,P002_S1_1,placebo,high,PARTICIPANT,"gentle oscillation every 20–30 seconds. I’m trying to time my sentences to land during the “honed in” phase so I don’t ramble. If I go quiet for a beat, that’s me waiting for the focus crest. Physically, I’m pretty level. No jaw clench, no overt tremor. Hands are steady when",30,60,1,P002_S1_B1_L2
P002_S1_B1_L3,2,P002_S1,P002_S1_2,placebo,high,PARTICIPANT,"I hold them out—see, no micro-shakes beyond baseline. My mouth isn’t dry; actually my tongue feels normal slickness. Temperature feels neutral to slightly cool in the fingers, not that MDMA fingertip warmth people talk about. Could we note pupil size? If you’ve got a light on your phone, I’m curious",30,90,1,P002_S1_B1_L3
P002_S1_B1_L4,2,P002_S1,P002_S1_3,placebo,high,PARTICIPANT,"whether my pupils are baseline. It would help me triangulate whether there’s even a mild stimulant co-formulation here. If there were caffeine in the capsule, I’d expect a little sympathetic tone—faster blink rate, maybe that fine-grain jaw tension. I’m not getting that. Before the faces task started, I noticed a",30,120,1,P002_S1_B1_L4
P002_S1_B1_L5,2,P002_S1,P002_S1_4,placebo,high,PARTICIPANT,"yawn impulse building—classic pre-scan drowsiness. I did a quick reset: two deep diaphragmatic breaths, slow exhale to bring parasympathetic down, then one brisk inhale to tighten focus. Worked enough that I could push for accuracy. I’m aiming for 100% on that faces/places block. When the blocks flipped quickly I had",30,150,1,P002_S1_B1_L5
P002_S1_B1_L6,2,P002_S1,P002_S1_5,placebo,high,PARTICIPANT,"a micro-lapse where I almost mis-categorized a neutral expression as slightly angry—caught it and corrected. I’m attributing that to the down-slope of one of those attention waves rather than the drug, because it coincided exactly with that floaty phase I mentioned. If I compare to my last session, my vigilance",30,180,1,P002_S1_B1_L6
P002_S1_B1_L7,2,P002_S1,P002_S1_6,placebo,high,PARTICIPANT,"is better right now, even though I slept about the same. I’m tracking error signals in real time—like a little internal “red flag” when a response feels rushed versus crisp. When it feels rushed I’m building a short buffer: I wait a half-beat, then commit. That one tweak cut my",30,210,1,P002_S1_B1_L7
P002_S1_B1_L8,2,P002_S1,P002_S1_7,placebo,high,PARTICIPANT,"near-misses by half. If we can flag those time stamps I’d like to see my reaction time distribution later, to see if the buffer shows up as a rightward shift without increasing variance. Ideally I’ve got a tighter cluster with slightly longer mean RT but higher accuracy—basically trading speed for",30,240,1,P002_S1_B1_L8
P002_S1_B2_L1,2,P002_S1,P002_S1_8,placebo,high,PARTICIPANT,"precision intentionally. On the capsule itself: I’m leaning placebo. My heart rate feels resting or slightly below my lab-day average, not that anticipatory notch up I get after coffee. Also, no thermoregulatory weirdness—no sudden warmth along the neck or ears. If there were electrolytes or glucose in the formulation, I",30,270,2,P002_S1_B2_L1
P002_S1_B2_L2,2,P002_S1,P002_S1_9,placebo,high,PARTICIPANT,"might expect a subtle uptick in energy or a change in mouthfeel; I’m not getting a sweet aftertaste that would hint at dextrose. I realize taste is controlled, but still—my palate’s clean. Can we log that I requested a pupil check and jaw-tone check? It’ll be interesting to compare to",30,300,2,P002_S1_B2_L2
P002_S1_B2_L3,2,P002_S1,P002_S1_10,placebo,high,PARTICIPANT,"objective vitals once unblinded. I will say, the scanner’s hum has a slight lullaby effect, and about ten minutes in I had a micro-sleep pressure building behind my eyes—eyelids felt heavy, like a half-glaze. I countered with a blink strategy: three quick blinks to reset tear film, then focus on",30,330,2,P002_S1_B2_L3
P002_S1_B2_L4,2,P002_S1,P002_S1_11,placebo,high,PARTICIPANT,"the fixation cross to anchor saccades. When I did that, my awareness snapped into a narrower beam and the edges of the screen dimmed subjectively—like my pupils dilated subjectively, even if they didn’t objectively. Then the beam widened again and I felt my attention spill out into the room—noticed your",30,360,2,P002_S1_B2_L4
P002_S1_B2_L5,2,P002_S1,P002_S1_12,placebo,high,PARTICIPANT,"pen tapping, the HVAC whir, the faint rubber smell of the tubing. That’s the oscillation I’m talking about. I don’t think it’s pharmacologic; I think it’s context-plus-fatigue. I want to emphasize—because I know there’s a stereotype that MDMA makes people sloppy—my focus on task feels intact. Even if I had",30,390,2,P002_S1_B2_L5
P002_S1_B2_L6,2,P002_S1,P002_S1_13,placebo,high,PARTICIPANT,"been given active drug, I’d still aim for precision. That’s kind of my default: I’m tracking my own performance as I go. If I sense fuzziness in working memory, I actively chunk the stimuli—like in the n-back, I mentally tag each item with a letter-sound to pin it briefly. Today",30,420,2,P002_S1_B2_L6
P002_S1_B2_L7,2,P002_S1,P002_S1_14,placebo,high,PARTICIPANT,"I didn’t need it much, but I had it ready. Quick body scan: scalp neutral, no tingling; jaw relaxed, I can tap my molars without any clench; neck and trapezius loose; chest steady, no flutter; abdomen calm—no “butterflies,” which would suggest sympathetic activation; hands cool but not cold. Can I",30,450,2,P002_S1_B2_L7
P002_S1_B2_L8,2,P002_S1,P002_S1_15,placebo,high,PARTICIPANT,"get a rough heart rate reading later? I’m guessing mid-60s. If it’s lower, maybe the environment is doing a parasympathetic thing. If it’s higher, I’d rethink the caffeine hypothesis, but subjectively I doubt it. On the relational piece—just to be explicit because I’m thinking about it—I’m keeping myself in a",30,480,2,P002_S1_B2_L8
P002_S1_B3_L1,2,P002_S1,P002_S1_16,placebo,high,PARTICIPANT,"kind of professional lane with you all. I can feel a pull to be more casual, to joke or overshare, but I’m checking that because this isn’t hanging out with a friend. I notice I test the water sometimes—like I’ll say something a bit personal and then I watch whether",30,510,3,P002_S1_B3_L1
P002_S1_B3_L2,2,P002_S1,P002_S1_17,placebo,high,PARTICIPANT,"you respond in a genuinely human way or in the “professional nod.” When I see the nod, I dial myself back and keep it clinical. That helps me respect the boundary and also not make it awkward for you. So if I seem a little hermetic at times, that’s intention,",30,540,3,P002_S1_B3_L2
P002_S1_B3_L3,2,P002_S1,P002_S1_18,placebo,high,PARTICIPANT,"not distance. Also, I’m curious—this is a content question but framed within the boundary: is it okay if I ask about the blinding procedures now or do you prefer I keep that for debrief? I don’t want to push outside protocol. I can bracket the curiosity until the end; just",30,570,3,P002_S1_B3_L3
P002_S1_B3_L4,2,P002_S1,P002_S1_19,placebo,high,PARTICIPANT,"flagging that I’m aware of the roles here. I’m trying to give you high-fidelity data without turning this into a social exchange that muddies the frame. Back to the oscillation. I’m going to close my eyes for two breaths right now—one, two—and I can feel the heaviness lean in, like",30,600,3,P002_S1_B3_L4
P002_S1_B3_L5,2,P002_S1,P002_S1_20,placebo,high,PARTICIPANT,"a tide coming up. If we were mid-task that would be dangerous for accuracy. So the counter I’ve been using is to subtly shift posture, straighten the thoracic spine, and set a micro-intention on the next target. When I do that, it’s like my attentional aperture tightens by one click.",30,630,3,P002_S1_B3_L5
P002_S1_B3_L6,2,P002_S1,P002_S1_21,placebo,high,PARTICIPANT,"I get that sense of being honed in—the “pupils dilated” metaphor again—even if that’s just subjective. If you did shine a light right now, I predict normal constriction, nothing paradoxical. Any hint of euphoria or sociability spike? No. I feel even-keeled, maybe slightly more analytic because I’m explicitly monitoring. If",30,660,3,P002_S1_B3_L6
P002_S1_B3_L7,2,P002_S1,P002_S1_22,placebo,high,PARTICIPANT,"there were a serotonergic effect, I’d expect a warmth in social perception—faces seeming friendlier. On the face stimuli, I didn’t see that bias; if anything, I erred on the conservative side. I chose “neutral” when uncertain rather than over-assigning positive valence. That choice was deliberate to safeguard accuracy. I’m also",30,690,3,P002_S1_B3_L7
P002_S1_B3_L8,2,P002_S1,P002_S1_23,placebo,high,PARTICIPANT,"watching my language for drift. On active sessions some people get looser or more tangential. I’m not noticing tangents unless I let that focus wave drop. When it dips, I can feel word-finding get sticky, not in a pathological way, just slightly less crisp. Then I pause, wait for the",30,720,3,P002_S1_B3_L8
P002_S1_B4_L1,2,P002_S1,P002_S1_24,placebo,high,PARTICIPANT,"“crest,” and proceed. If you map my speech rate, you might see a mild sinusoidal pattern. Hydration-wise, my mouth is fine; no urge to sip, which again argues against anything dehydrating or sympathomimetic. If I had to hypothesize a mechanism for what I am feeling, I’d say expectancy plus environment.",30,750,4,P002_S1_B4_L1
P002_S1_B4_L2,2,P002_S1,P002_S1_25,placebo,high,PARTICIPANT,"Maybe a tiny placebo-driven sympathetic tick that I’m suppressing by self-regulation. If there were any co-formulation with electrolytes or a mild sugar, I’d expect a small bump in subjective energy at around 20 minutes post, and that never came. Metabolically, I had a stable breakfast—protein and complex carbs—so glucose variability",30,780,4,P002_S1_B4_L2
P002_S1_B4_L3,2,P002_S1,P002_S1_26,placebo,high,PARTICIPANT,"should be minimal. No hypoglycemic edge—no hollow feeling, no irritable twinge. During the memory list, I intentionally used first-letter pegs to ensure near-perfect recall. I got momentarily drowsy on item eight, felt the “uh-oh” flag, and pivoted to repeating eight and nine silently with a rhythm to keep them sticky.",30,810,4,P002_S1_B4_L3
P002_S1_B4_L4,2,P002_S1,P002_S1_27,placebo,high,PARTICIPANT,"For the recognition phase, when a lure looked familiar, I checked whether it had the same internal tag I’d assigned—if not, I withheld. That saved me from one false positive I almost clicked. Again, I’m pushing for 100%. I want to acknowledge the interpersonal contour again because it’s live. You’re",30,840,4,P002_S1_B4_L4
P002_S1_B4_L5,2,P002_S1,P002_S1_28,placebo,high,PARTICIPANT,"being warm in a measured way, and I respect that. It communicates safety but also the boundary. I notice a part of me wanting to ask you personal stuff—what music you like, how you got into this—but that’s not for here. So I’m letting that impulse just pass. If I",30,870,4,P002_S1_B4_L5
P002_S1_B4_L6,2,P002_S1,P002_S1_29,placebo,high,PARTICIPANT,"seem to over-correct and go quiet, it’s me choosing professionalism over chumminess. I’d like to request, if permissible, that we do a quick vitals check before I leave—not because I’m worried, just to anchor my subjective read. Heart rate, maybe a pupil photo if that’s allowed. It would help me",30,900,4,P002_S1_B4_L6
P002_S1_B4_L7,2,P002_S1,P002_S1_30,placebo,high,PARTICIPANT,"test my mini-hypotheses. If we can’t, no worries; I’ll save the curiosity for debrief. Noticing another wave—sleepiness nibbling at the edges. I’m going to do that blink-triplet again. Okay, better. The air feels a touch cool on inhale, which is alerting. If this were an active pharmacologic vasoconstriction, I’d expect",30,930,4,P002_S1_B4_L7
P002_S1_B4_L8,2,P002_S1,P002_S1_31,placebo,high,PARTICIPANT,"colder fingertips coupled with slight restlessness. I have neither. So: placebo by preponderance of evidence. One more thing on performance: I don’t want the goal of 100% to make me rigid, so I’m balancing it with flexibility. If I sense I’m overfitting—locking too tightly on a rule—I’ll loosen just enough",30,960,4,P002_S1_B4_L8
P002_S1_B5_L1,2,P002_S1,P002_S1_32,placebo,high,PARTICIPANT,"to keep fluidity. That’s part of why I’m narrating my state to you: it keeps me honest about when I’m genuinely sharp versus when I’m compensating. A quick check-in on jaw again—still relaxed. Tongue isn’t pressing the palate. If I had any serotonin-driven bruxism, it usually shows up as a",30,990,5,P002_S1_B5_L1
P002_S1_B5_L2,2,P002_S1,P002_S1_33,placebo,high,PARTICIPANT,"subtle tongue-palate press. Nothing. Pupils feel—again, metaphorically—about right. If you tell me later they were big, I’ll eat my words, but I’d be surprised. For the scanner task, in the block where the fixation cross went slightly off-center, my attention got pulled, and I almost missed the next cue. After",30,1020,5,P002_S1_B5_L2
P002_S1_B5_L3,2,P002_S1,P002_S1_34,placebo,high,PARTICIPANT,"that I set a rule: anchor to the center even if peripheral stimulus is noisy. That tightened my responses. I think if you look at that block, you’ll see an early wobble then a clean run. I’m cleanly sober-feeling, in case that’s useful. Alert enough to engage, without any amp-like",30,1050,5,P002_S1_B5_L3
P002_S1_B5_L4,2,P002_S1,P002_S1_35,placebo,high,PARTICIPANT,"edge, and with these mild, manageable attention oscillations that feel endogenous. If there’s any pharmacology here it’s subtle to the point of negligible. Placebo seems most likely. I’m also aware of not wanting to perform “good participant friendliness” too hard. There’s a way I could smile more, be more chatty,",30,1080,5,P002_S1_B5_L4
P002_S1_B5_L5,2,P002_S1,P002_S1_36,placebo,high,PARTICIPANT,"and get a reciprocal warmth back from you; I’m actively avoiding that because it would blur the frame and might influence how I report. So if the vibe feels a touch formal, that’s by design on my end. I want clean data. I can be friendly at the debrief when",30,1110,5,P002_S1_B5_L5
P002_S1_B5_L6,2,P002_S1,P002_S1_37,placebo,high,PARTICIPANT,"the roles open up a bit. I think that’s my main read. If we have another block, I’m ready. I’ll keep using the breath-sit up-blink reset to stay in the high-focus windows, and I’ll prioritize accuracy. If I get a sleepy surge mid-block, I’ll label it out loud so you",30,1140,5,P002_S1_B5_L6
P002_S1_B5_L7,2,P002_S1,P002_S1_38,placebo,high,PARTICIPANT,"can mark the time. And after, if permissible, I’d love those vitals: heart rate, maybe a quick look at my pupils, and any notes you can share post-unblinding about whether today was indeed placebo. My bet is yes. Let me sit silent for five seconds to see what my attention",30,1170,5,P002_S1_B5_L7
P002_S1_B5_L8,2,P002_S1,P002_S1_39,placebo,high,PARTICIPANT,"does… okay—there it goes: dip, crest, and now I’m back at that honed-in place. Ready for whatever’s next, aiming for that 100% without getting rigid. And holding the professional line with you—appreciate the steadiness of your role.",30,1200,5,P002_S1_B5_L8
P003_S2_B1_L1,3,P003_S2,P003_S2_0,mdma_high,low,PARTICIPANT,"Um, okay. I can start. I’m a little… cautious about taking up too much space, so if at any point this feels like I’m going on, please just let me know, and I can pause. I don’t want to make it awkward or impose anything on you. The room feels",30,30,1,P003_S2_B1_L1
P003_S2_B1_L2,3,P003_S2,P003_S2_1,mdma_high,low,PARTICIPANT,"fine—maybe a touch cool—but that’s actually comfortable. My voice might be softer than usual; I don’t feel super chatty. It’s more… quiet inside. Not in a bad way. Just steady. Compared to earlier times I’ve done this, I’m definitely less talkative. I remember being more open or energetic before, and",30,60,1,P003_S2_B1_L2
P003_S2_B1_L3,3,P003_S2,P003_S2_2,mdma_high,low,PARTICIPANT,"now it’s like everything is in low volume. There’s a mild warmth, like a small lamp in another room, but not that big rush people talk about. I don’t feel like hugging anyone or being overly affectionate. I’m actually very aware of your space. I like… keeping a respectful distance.",30,90,1,P003_S2_B1_L3
P003_S2_B1_L4,3,P003_S2,P003_S2_3,mdma_high,low,PARTICIPANT,"I want to check that I’m not looking at you too intensely, or too little. I’m not sure what’s comfortable, so I’m kind of… hovering at neutral. Is this okay? Emotionally, it’s kind of even. Pleasant, but not euphoric. I’m not pulled to share every private detail; I notice a",30,120,1,P003_S2_B1_L4
P003_S2_B1_L5,3,P003_S2,P003_S2_4,mdma_high,low,PARTICIPANT,"tug towards privacy, like a soft curtain I could part—if asked—but I’m not throwing it open. I keep thinking about being considerate and not putting anything heavy on you. I’d rather sit with my thoughts a bit before saying them out loud, just to make sure they’re… appropriate. I guess",30,150,1,P003_S2_B1_L5
P003_S2_B1_L6,3,P003_S2,P003_S2_5,mdma_high,low,PARTICIPANT,"I feel mellow plus guarded, but in a caring way. I don’t want to waste your time or burden you. The lab context makes me hold back. I’m aware of, like, the hum of the equipment, the way sound carries in here. There’s a part of me that wonders who",30,180,1,P003_S2_B1_L6
P003_S2_B1_L7,3,P003_S2,P003_S2_6,mdma_high,low,PARTICIPANT,"might overhear if I get emotional, and that makes me want to stay contained. I notice tears sort of… lightly present behind my eyes, like a suggestion, but they don’t press forward. I’m not resisting hard; I’m just not leaning into it either. It feels better to keep it small.",30,210,1,P003_S2_B1_L7
P003_S2_B1_L8,3,P003_S2,P003_S2_7,mdma_high,low,PARTICIPANT,"It isn’t fear as much as… courtesy? I don’t want anyone to feel they have to comfort me, or that they should do anything about it. Physically, I feel a gentle warmth in my chest and shoulders, but it’s not dramatic. My mouth is a bit dry, but manageable. Sometimes",30,240,1,P003_S2_B1_L8
P003_S2_B1_L9,3,P003_S2,P003_S2_8,mdma_high,low,PARTICIPANT,"my attention drifts to small sounds—the air system, a slight creak—and I get a little distracted. When that happens I just notice it and kind of wait. After a moment it fades and I can follow you again. I’m not doing anything in particular to manage that. It just… passes.",30,270,1,P003_S2_B1_L9
P003_S2_B2_L1,3,P003_S2,P003_S2_9,mdma_high,low,PARTICIPANT,"You asked about connection. I do feel connected, but softly. Not like a flood. More like I want to be respectful and honest and careful. I keep wanting to check: is this helpful? Am I being clear? I can give examples, though I’m hesitating a little in case they’re boring.",30,300,2,P003_S2_B2_L1
P003_S2_B2_L2,3,P003_S2,P003_S2_10,mdma_high,low,PARTICIPANT,"I’ll try a light one. At home, my partner and I have these small misunderstandings that are never catastrophic, but they stack up. My instinct today is to propose something gentle and specific rather than making a big declaration. Like, I can imagine sending a short message later—nothing dramatic—saying, “Would",30,330,2,P003_S2_B2_L2
P003_S2_B2_L3,3,P003_S2,P003_S2_11,mdma_high,low,PARTICIPANT,"it be okay if we set aside twenty minutes on Sunday evenings to check in about the week? If that feels like too much, we can skip it.” That kind of phrasing. Offering it, but very okay with a no. I don’t want to push them, just… open a door.",30,360,2,P003_S2_B2_L3
P003_S2_B2_L4,3,P003_S2,P003_S2_12,mdma_high,low,PARTICIPANT,"And, boundaries. I’m thinking a lot about how to communicate them in a way that doesn’t come off as a demand. I want to say what I need without making it feel like a verdict. I hear myself softening my language: “It works best for me if we don’t text",30,390,2,P003_S2_B2_L4
P003_S2_B2_L5,3,P003_S2,P003_S2_13,mdma_high,low,PARTICIPANT,"during work hours unless it’s urgent. Is that okay?” And then I’d probably add, “If it’s not, I totally get it—maybe we can find a compromise.” It’s important to me that whoever I’m with doesn’t feel cornered. I really don’t like making people uncomfortable. I don’t feel the classic, you",30,420,2,P003_S2_B2_L5
P003_S2_B2_L6,3,P003_S2,P003_S2_14,mdma_high,low,PARTICIPANT,"know, big heart-burst thing. There is affection, but it has edges—polite edges. I feel careful. If you were sitting closer I’d probably scoot my chair a few inches back just to make sure there’s room for both of us to breathe. Touch doesn’t even cross my mind as appealing right",30,450,2,P003_S2_B2_L6
P003_S2_B2_L7,3,P003_S2,P003_S2_15,mdma_high,low,PARTICIPANT,"now. I think I’d worry it would be awkward, or read wrong, or put you in an odd spot. So I’m content with the distance. About talking—earlier sessions had me kind of spilling, and now I find myself second-guessing before I say anything. A lot of “Is this relevant?” or",30,480,2,P003_S2_B2_L7
P003_S2_B2_L8,3,P003_S2,P003_S2_16,mdma_high,low,PARTICIPANT,“Will this sound self-indulgent?” That checking is constant. I guess I’m more introverted in this particular state than I expected. I’m content to sit and feel things in a muted way rather than narrate them all. I don’t want you to think I’m withholding; it just feels kinder to keep,30,510,2,P003_S2_B2_L8
P003_S2_B2_L9,3,P003_S2,P003_S2_17,mdma_high,low,PARTICIPANT,"it tidy. I’m also thinking ahead in a practical way, which is unusual for me on days like this. Not in a big, life-reinventing way, more like small proposals. I’m picturing drafting a little note to a coworker I’ve had tension with—something like, “I realized I may have sounded abrupt",30,540,2,P003_S2_B2_L9
P003_S2_B2_L10,3,P003_S2,P003_S2_18,mdma_high,low,PARTICIPANT,"in the meeting. That wasn’t my intention. Would it be okay if I send you agendas ahead of time so we both feel more prepared?” That feels doable. It’s about keeping lines clear and not creating more friction. It’s not me trying to be extra open, it’s me trying to",30,570,2,P003_S2_B2_L10
P003_S2_B3_L1,3,P003_S2,P003_S2_19,mdma_high,low,PARTICIPANT,"be considerate so we both have less to worry about. If you’re curious about joy—it’s here, faintly. A comfortable okay-ness. No fireworks. I feel a light smile in me, like the kind you do with your lips closed. It’s soothing. I almost prefer it to something intense. I don’t have",30,600,3,P003_S2_B3_L1
P003_S2_B3_L2,3,P003_S2,P003_S2_20,mdma_high,low,PARTICIPANT,"the urge to gush. I don’t feel like declaring big truths. I’m just fine, and grateful, and trying not to be a nuisance. I know that sounds small, but it’s satisfying. I keep wanting to ask if my pace is alright. I’m aware of time, and I don’t want to",30,630,3,P003_S2_B3_L2
P003_S2_B3_L3,3,P003_S2,P003_S2_21,mdma_high,low,PARTICIPANT,"hog it. I also notice each question you ask lands and then there’s a pause where I check for any “too much” feelings before I answer. If I feel any pressure, even mild, I sort of… step back inside and let the pressure loosen on its own. And then I",30,660,3,P003_S2_B3_L3
P003_S2_B3_L4,3,P003_S2,P003_S2_22,mdma_high,low,PARTICIPANT,"answer a smaller version of the thought. That’s my rhythm right now. In terms of memories, they come up in little flashes. A few sweet ones with my family, a few complicated ones. When a complicated one appears, I don’t deep dive. I let it float at the surface—like seeing",30,690,3,P003_S2_B3_L4
P003_S2_B3_L5,3,P003_S2,P003_S2_23,mdma_high,low,PARTICIPANT,"something through frosted glass—and I’m okay leaving it there. I don’t feel the need to force insight. I’m aware that if I go digging, I might cry in a way that would make both of us work harder than we need to today. So I stay on the edges. It",30,720,3,P003_S2_B3_L5
P003_S2_B3_L6,3,P003_S2,P003_S2_24,mdma_high,low,PARTICIPANT,"feels respectful to the setting and to you. You’re asking what I want to take with me. I think the main thing is this idea that I can keep things gentle and specific. For example, I’ve been thinking about proposing to my partner that we try a weekend routine of",30,750,3,P003_S2_B3_L6
P003_S2_B3_L7,3,P003_S2,P003_S2_25,mdma_high,low,PARTICIPANT,"“quiet hours.” Nothing strict. Just a shared understanding that from, say, nine to eleven in the morning we don’t schedule anything or talk much, unless we feel like it. And I would phrase it as an invitation: if they don’t like it, we drop it. I like the feel of",30,780,3,P003_S2_B3_L7
P003_S2_B3_L8,3,P003_S2,P003_S2_26,mdma_high,low,PARTICIPANT,"that—it leaves people room to breathe and say no. There’s also something about how I’d like to handle conflicts. My tendency is to apologize too quickly, or overexplain. Here, I notice a different impulse: short, clear, still soft. “I hear you. I can change that.” And then stop. Not a",30,810,3,P003_S2_B3_L8
P003_S2_B3_L9,3,P003_S2,P003_S2_27,mdma_high,low,PARTICIPANT,"flood. Not preemptive tears. Just steady. I guess I want to practice that—saying enough, and then being quiet. I don’t want the other person to feel they have to comfort me while they’re still mad. That always feels unfair. My body keeps telling me it’s okay to slow down. My",30,840,3,P003_S2_B3_L9
P003_S2_B4_L1,3,P003_S2,P003_S2_28,mdma_high,low,PARTICIPANT,"hands are resting in my lap. I notice tiny tingles, but nothing intense. If anything starts to build, like a wave of feeling, it peaks at a very manageable level and then settles. I’m not calling on any method for that; I just sit there and it eases. It’s easy",30,870,4,P003_S2_B4_L1
P003_S2_B4_L2,3,P003_S2,P003_S2_29,mdma_high,low,PARTICIPANT,"to maintain my own edges—no blurring, no desire to merge with anyone. I like that. It feels safer, and I think it helps me be kinder because I’m not grabbing for closeness. I realize I’m repeating myself about not wanting to impose. That’s probably the theme today. If I had",30,900,4,P003_S2_B4_L2
P003_S2_B4_L3,3,P003_S2,P003_S2_30,mdma_high,low,PARTICIPANT,"to put it in a sentence: I want things to be clear and kind, and I’d like to make sure I’m not a burden. Even saying that, I hear a little voice that worries I’m apologizing for existing, which I don’t want to do. I’m just trying to be mindful",30,930,4,P003_S2_B4_L3
P003_S2_B4_L4,3,P003_S2,P003_S2_31,mdma_high,low,PARTICIPANT,"of your energy. I appreciate that you’re here and that you’re listening, and I don’t want to take advantage. If we’re looking for a concrete plan, I’d keep it very small. Tonight I might text my partner something like, “Would you be open to a check-in on Sunday? No pressure",30,960,4,P003_S2_B4_L4
P003_S2_B4_L5,3,P003_S2,P003_S2_32,mdma_high,low,PARTICIPANT,"if not.” And then I’ll leave it alone. And if I see my coworker tomorrow, I’ll ask, “Is now a good time to talk through the agenda, or would you prefer an email later?” And I can respect either answer. Those both feel achievable without making anyone uncomfortable. I’m thinking",30,990,4,P003_S2_B4_L5
P003_S2_B4_L6,3,P003_S2,P003_S2_33,mdma_high,low,PARTICIPANT,"about affection again. If a friend walked in right now, I wouldn’t run up to hug them. I’d probably smile and say, “Hi,” and check their eyes for a cue. If they leaned in, I’d hug them softly, one beat, and then let go. If they stayed where they were,",30,1020,4,P003_S2_B4_L6
P003_S2_B4_L7,3,P003_S2,P003_S2_34,mdma_high,low,PARTICIPANT,"I’d be relieved to match that. I don’t have that draw to pour myself out. I’m content being a neat little circle next to someone else’s circle. As for disappointment about the lack of euphoria—I don’t actually feel disappointed. Maybe a tiny flicker of “oh,” but mostly I’m okay. The",30,1050,4,P003_S2_B4_L7
P003_S2_B4_L8,3,P003_S2,P003_S2_35,mdma_high,low,PARTICIPANT,"steadiness is workable. I can think in it. I can plan without making grand vows I’ll regret later. And honestly, not being swept up helps me hear you better. I don’t have that compulsion to fill the air. I like that I can wait for your question and answer it",30,1080,4,P003_S2_B4_L8
P003_S2_B4_L9,3,P003_S2,P003_S2_36,mdma_high,low,PARTICIPANT,"without racing past it. If I get a little foggy, I just notice I’m foggy. Then I either keep talking slowly or I stop. Just a few breaths’ worth of stillness and then it clears—oh, sorry, I mean, then it kind of drifts off on its own. It’s not something",30,1110,4,P003_S2_B4_L9
P003_S2_B4_L10,3,P003_S2,P003_S2_37,mdma_high,low,PARTICIPANT,"I have to “do.” It happens by itself if I let it. There’s a gentle gratitude present. It’s not effusive. It’s like holding a warm mug with two hands. I appreciate the structure here. I think having this defined container actually makes me more careful, which feels right. I know",30,1140,4,P003_S2_B4_L10
P003_S2_B5_L1,3,P003_S2,P003_S2_38,mdma_high,low,PARTICIPANT,"that outside of here, I can expand if I want, but I probably won’t. I’ll keep to my little plans and invitations. I realize I haven’t asked many questions back. Partly that’s me not wanting to put you on the spot or pull focus. If you’d like me to share",30,1170,5,P003_S2_B5_L1
P003_S2_B5_L2,3,P003_S2,P003_S2_39,mdma_high,low,PARTICIPANT,"more detail on anything, I can. I want to be responsive without being demanding. And also I’m okay with silence. If you need a minute, I won’t rush to fill it. I won’t think I broke anything. What else feels true… Oh, motivation. I feel motivated in a very modest",30,1200,5,P003_S2_B5_L2
P003_S2_B5_L3,3,P003_S2,P003_S2_40,mdma_high,low,PARTICIPANT,"way—like I could send one or two messages, straighten a small pile of papers, and that would be enough. I don’t have the urge to reorganize my life. I’m not seeing my future in neon. I see a few next steps with gentle edges. That feels sustainable. I’m also noticing",30,1230,5,P003_S2_B5_L3
P003_S2_B5_L4,3,P003_S2,P003_S2_41,mdma_high,low,PARTICIPANT,"that when I imagine hard conversations, the imagined voices are all quieter. No one is yelling. Even the critical parts of me are using indoor voices. That makes me less likely to preemptively defend. I can picture saying, “I might be wrong,” and meaning it, without spiraling into self-blame. It’s",30,1260,5,P003_S2_B5_L4
P003_S2_B5_L5,3,P003_S2,P003_S2_42,mdma_high,low,PARTICIPANT,"a softer spine, but it still holds me up. If a strong feeling comes up tonight, I can picture myself giving it a little room and then asking if it needs anything concrete—like a glass of water, or a short walk. And if it doesn’t tell me, I’ll just let",30,1290,5,P003_S2_B5_L5
P003_S2_B5_L6,3,P003_S2,P003_S2_43,mdma_high,low,PARTICIPANT,it be there until it wants to leave. I don’t feel any urge to fix it or turn it into a lesson. I’m okay letting the day be a small day. Before we wrap—if we are wrapping—I want to check if there’s anything you were hoping to hear that I,30,1320,5,P003_S2_B5_L6
P003_S2_B5_L7,3,P003_S2,P003_S2_44,mdma_high,low,PARTICIPANT,"didn’t get to. I’m happy to touch lightly on something specific. I just… I don’t want to overshare or pull you down a rabbit hole. If it would help for me to summarize, I can do that quickly: I feel calm, modestly warm, reserved. I’m careful with space and words.",30,1350,5,P003_S2_B5_L7
P003_S2_B5_L8,3,P003_S2,P003_S2_45,mdma_high,low,PARTICIPANT,"I don’t feel the big heart-rush. I prefer invitation over insistence. I’m inclined to propose simple structures that make life smoother for the people around me, with easy outs so no one feels trapped. Thank you for listening. I know I’ve checked in about comfort a lot—I can’t seem to",30,1380,5,P003_S2_B5_L8
P003_S2_B5_L9,3,P003_S2,P003_S2_46,mdma_high,low,PARTICIPANT,"help it. It’s how I show care. If there’s anything I could adjust in how I talk next time—pace, detail level, anything—please tell me. I’d prefer to err on the side of being too gentle than too much. I’m content with today being quiet. It feels respectful, and I value",30,1410,5,P003_S2_B5_L9
P003_S2_B5_L10,3,P003_S2,P003_S2_47,mdma_high,low,PARTICIPANT,that.,30,1440,5,P003_S2_B5_L10
P004_S2_B1_L1,4,P004_S2,P004_S2_0,mdma_high,high,PARTICIPANT,"I’m very open by default, so please feel free to ask me anything as we go. I’ll let you know if something’s not right for right now, and I’m also consciously keeping my hands to myself unless we explicitly agree—my intention is connection with consent and clarity, not just letting",30,30,1,P004_S2_B1_L1
P004_S2_B1_L2,4,P004_S2,P004_S2_1,mdma_high,high,PARTICIPANT,"the current carry me. I’m not here to party; I use MDMA in contained, non-festival settings exactly like this to explore trust, relational patterns, and to map what helps people heal. Quick breath check. I’m going to lengthen my exhale while we talk. In… and a longer out… There’s a",30,60,1,P004_S2_B1_L2
P004_S2_B1_L3,4,P004_S2,P004_S2_2,mdma_high,high,PARTICIPANT,"warm surge in my chest, feels like a buoyant wave pressing me toward you in a sweet way. If this were a living room I’d probably ask for a giant hug. Since this is a study space, I’ll channel that into eye contact and a hand on my own heart,",30,90,1,P004_S2_B1_L3
P004_S2_B1_L4,4,P004_S2,P004_S2_3,mdma_high,high,PARTICIPANT,"unless a quick hand squeeze later feels appropriate for you. I’m really glad you’re here with me. I notice my jaw is a little tight on the right. I’m unclenching now. Shoulders down. There’s a momentary flutter in my belly that could tip into “too much,” but the way I",30,120,1,P004_S2_B1_L4
P004_S2_B1_L5,4,P004_S2,P004_S2_4,mdma_high,high,PARTICIPANT,"translate that is: name it, breathe, orient, choose. So—naming: flutter. Breathing: in through my nose, long exhale. Orienting: I see the monitor to my left, your notebook, the EXIT sign. Choosing: soften my belly, slow my pace. It’s like an internal protocol I’ve trained—panic prevention through micro-adjustments. That protocol came",30,150,1,P004_S2_B1_L5
P004_S2_B1_L6,4,P004_S2,P004_S2_5,mdma_high,high,PARTICIPANT,"from practicing in less forgiving environments, like an MRI tube; I used to think, “If I can control my breath, I control my experience.” And it works here too—each exhale makes this more navigable, more kind. I want to just say out loud that I feel a strong, affectionate regard",30,180,1,P004_S2_B1_L6
P004_S2_B1_L7,4,P004_S2,P004_S2_6,mdma_high,high,PARTICIPANT,"for you. Not transactional—just appreciation for your presence and your craft. Is it okay that I say that? You don’t need to take it in if it lands weird; I can enjoy the feeling without putting it on you. That’s me keeping my exuberance inside the lines. Content-wise, I’m having",30,210,1,P004_S2_B1_L7
P004_S2_B1_L8,4,P004_S2,P004_S2_7,mdma_high,high,PARTICIPANT,"this clean knowing that personal transformation and systems design have to be braided. I keep thinking in terms of protocols, incentives, and governance. Like, if the NIH wanted to make a decisive move, they could fund multi-site trials with harmonized data standards across academic centers, not just one sponsor’s protocol.",30,240,1,P004_S2_B1_L8
P004_S2_B1_L9,4,P004_S2,P004_S2_8,mdma_high,high,PARTICIPANT,"And not just phase III for PTSD—expand to comorbidities, protected populations with careful safeguards, and long-term follow-ups so we aren’t seduced by acute effects alone. And if we’re honest, part of what’s slowed this field is a mismatch between what FDA requires and how complex relational therapies are evaluated. We",30,270,1,P004_S2_B1_L9
P004_S2_B2_L1,4,P004_S2,P004_S2_9,mdma_high,high,PARTICIPANT,"need endpoint innovation—functional outcomes, not only symptom checklists. I can feel I’m accelerating. Let me intentionally downshift. Three slow breaths, and on each exhale I’m releasing the back of my neck. In… and out. Second breath… out. Third breath… there we go. I feel my language soften but stay precise,",30,300,2,P004_S2_B2_L1
P004_S2_B2_L2,4,P004_S2,P004_S2_10,mdma_high,high,PARTICIPANT,"which is the sweet spot. Thank you for holding that with me. So, commercialization. I’m not anti-industry; I’m anti-extraction. Companies like Compass Pathways and others have brought standardization and regulatory muscle, and that’s real. At the same time, capitalism pushes toward exclusivity and patents, and this class of interventions lives",30,330,2,P004_S2_B2_L2
P004_S2_B2_L3,4,P004_S2,P004_S2_11,mdma_high,high,PARTICIPANT,"or dies on trust and therapist time, which don’t scale like pills. I’d love to see a public-interest model: open protocols, shared training curricula, outcomes registries governed by independent boards, and reimbursement paths that reward durable, whole-person gains. Think: CMS piloting bundled payments for psychedelic-assisted therapy with quality metrics tied",30,360,2,P004_S2_B2_L3
P004_S2_B2_L4,4,P004_S2,P004_S2_12,mdma_high,high,PARTICIPANT,"to not just symptom relief but reduced hospitalizations and improved employment stability at 6-12 months. My body just said, “Yes,” with a little shiver. Checking my feet—wiggling toes in my shoes. Grounded. I’m good. I’m also clocking the boundary thing. If I lean forward like this, does that feel okay",30,390,2,P004_S2_B2_L4
P004_S2_B2_L5,4,P004_S2,P004_S2_13,mdma_high,high,PARTICIPANT,"for you? I can sit back if you prefer more space. I’m tracking that my impulse is to get physically closer when I’m excited, and I’m choosing to meet you where you are instead of making you meet me where I’m surging. That’s a big part of why I do",30,420,2,P004_S2_B2_L5
P004_S2_B2_L6,4,P004_S2,P004_S2_14,mdma_high,high,PARTICIPANT,"this work with MDMA—not to bulldoze into closeness but to practice consenting closeness. I’m getting this image of an archway labeled “valleys.” The teaching is that the valley isn’t an interruption; it’s the path. If I hit a patch of sadness later, I’ll treat it like a passage: pace my",30,450,2,P004_S2_B2_L6
P004_S2_B2_L7,4,P004_S2,P004_S2_15,mdma_high,high,PARTICIPANT,"breath, widen my attention, ask, “What’s the next controllable?” It’s very Viktor Frankl for me—focusing on agency in the smallest unit. Those Holocaust-era journals about tending the tiniest domain—your attitude, a breath, a way you greet someone—helped me design my own micro-controls. I’m not equating anything; I’m applying the principle:",30,480,2,P004_S2_B2_L7
P004_S2_B2_L8,4,P004_S2,P004_S2_16,mdma_high,high,PARTICIPANT,"when the macro is heavy, fold the focus to the stitch you can actually sew. I want to flag a research design thing. A lot of trials exclude people because it’s cleaner analytically, but then we deploy into messy reality where comorbidities are the norm. I’d love to see NIH",30,510,2,P004_S2_B2_L8
P004_S2_B2_L9,4,P004_S2,P004_S2_17,mdma_high,high,PARTICIPANT,"or PCORI back real-world evidence cohorts with pragmatic inclusion criteria, paired with robust safety monitoring—like DSMBs that include both clinicians and lived-experience reps. And let’s standardize adverse event taxonomies across sponsors so we can meta-analyze apples to apples. That’s boring to most people; to me it’s the scaffolding that determines",30,540,2,P004_S2_B2_L9
P004_S2_B3_L1,4,P004_S2,P004_S2_18,mdma_high,high,PARTICIPANT,"whether this field serves or harms. Breath note: my heart rate just kicked up a notch—pleasant, but I’m going to ride the down-slope by doubling my exhale length for a minute. In… out… long. I can literally feel my ribcage easing, like a hammock finding its anchor points. Also, I’m",30,570,3,P004_S2_B3_L1
P004_S2_B3_L2,4,P004_S2,P004_S2_19,mdma_high,high,PARTICIPANT,"an open book about my history if it’s clinically useful. I’ll keep the highlights now and we can zoom as needed. I’ve had garden-variety anxiety that spikes in constrained spaces, hence the MRI practice. I built a panic playbook: label, lengthen exhale, soften shoulders, orient visually, then pick a micro-action.",30,600,3,P004_S2_B3_L2
P004_S2_B3_L3,4,P004_S2,P004_S2_20,mdma_high,high,PARTICIPANT,"Translating that here is effortless—like the groove is already carved. It’s nice to have competence riding alongside this tenderness. I’m strong and soft at the same time. I like that. Policy-wise, I’m thinking about scheduling and access. If rescheduling happens, we need special controls that prevent a stampede toward minimal-contact",30,630,3,P004_S2_B3_L3
P004_S2_B3_L4,4,P004_S2,P004_S2_21,mdma_high,high,PARTICIPANT,"models. Mandate clinician training hours, require dyadic therapist teams for certain indications, and fund a training pipeline through public universities so access isn’t limited to boutique clinics. Also, insurance codes—create CPT bundles for preparation, dosing, and integration, and reimburse at rates that don’t force throughput. We learned this with collaborative",30,660,3,P004_S2_B3_L4
P004_S2_B3_L5,4,P004_S2,P004_S2_22,mdma_high,high,PARTICIPANT,"care in primary care; we can import that lesson. I’m feeling a big wave of gratitude. I’m actually going to narrate one breath fully because it helps me anchor the gratitude without tipping into tears. Inhale—feel cool air at the nostrils, chest expands, belly soft. Exhale—jaw unlocks, eyes moisten but",30,690,3,P004_S2_B3_L5
P004_S2_B3_L6,4,P004_S2,P004_S2_23,mdma_high,high,PARTICIPANT,"stay steady. Okay. That was perfect. The feeling lands as warmth rather than flood. There’s also an equity thread here. If we don’t intentionally design for inclusion, this will replicate existing disparities. We can set trial enrollment targets, fund community clinics to participate as research sites with infrastructure support, and",30,720,3,P004_S2_B3_L6
P004_S2_B3_L7,4,P004_S2,P004_S2_24,mdma_high,high,PARTICIPANT,"ensure materials are culturally resonant, not just translated. And beyond trials, build public registries with de-identified data that patients co-govern. The people receiving care should have a seat at the data table, deciding what we measure and how we share. Can I just say, if it were purely up to",30,750,3,P004_S2_B3_L7
P004_S2_B3_L8,4,P004_S2,P004_S2_25,mdma_high,high,PARTICIPANT,"my limbic system, I would be hugging you now and probably offering everyone in the hallway a glass of water and a pep talk. Since it’s not purely up to that part of me, I’m sticking with a radiant smile and, if you consent, a quick high-five later. The exuberance",30,780,3,P004_S2_B3_L8
P004_S2_B3_L9,4,P004_S2,P004_S2_26,mdma_high,high,PARTICIPANT,"is a gift; the boundary around it is the ribbon. Let me check my posture. I’m going to let my shoulder blades slide down and back—there. Lower back supported. Mouth slightly open so my tongue rests. That tiny adjustment reduces the little hum of arousal by like 10 percent, which",30,810,3,P004_S2_B3_L9
P004_S2_B3_L10,4,P004_S2,P004_S2_27,mdma_high,high,PARTICIPANT,"is perfect. I love being able to dial this. It feels empowering—like having a steering wheel in a beautiful, fast car on an open road with clear lane markers. Practical next steps floating up: I want to email the PI after the session and ask if I can contribute to",30,840,3,P004_S2_B3_L10
P004_S2_B4_L1,4,P004_S2,P004_S2_28,mdma_high,high,PARTICIPANT,"a white paper on outcome measures. I’d also like to convene a small Zoom with stakeholders from academia, community clinics, and one or two industry folks to draft a shared minimum dataset—safety events, functional outcomes, therapy fidelity markers. And then we could pitch NIH or a philanthropy to fund a",30,870,4,P004_S2_B4_L1
P004_S2_B4_L2,4,P004_S2,P004_S2_29,mdma_high,high,PARTICIPANT,"consortium. I’m happy to do the legwork; I’m energized and resourced right now, but I also know to wait 72 hours before formal commitments. I make myself a promise under this medicine; I revisit it sober with the same breath and a cooler head. That’s part of my boundary practice—commitments",30,900,4,P004_S2_B4_L2
P004_S2_B4_L3,4,P004_S2,P004_S2_30,mdma_high,high,PARTICIPANT,"pass a second look test. I want to check your experience of me. You don’t have to answer now, but for my own map: am I talking too fast? I can downshift further if that would feel better. I’m noticing that I’m balancing describing my interior with co-designing a system",30,930,4,P004_S2_B4_L3
P004_S2_B4_L4,4,P004_S2,P004_S2_31,mdma_high,high,PARTICIPANT,"and still tracking you, and that triangulation feels alive and good. I’m getting a brief swell of sadness—like a recognition of how many people need relief and how long policy cycles take. Let me meet it. Inhale—naming the sadness. Exhale—making room. My hands want to hold something, so I’ll interlace",30,960,4,P004_S2_B4_L4
P004_S2_B4_L5,4,P004_S2,P004_S2_32,mdma_high,high,PARTICIPANT,"my fingers. The sadness becomes a kind of resolve. Valleys as passages, again. The path is slow; we walk it with breath. One more systems thought and then I’ll pivot back to pure phenomenology for a minute. Safety nets: we need post-approval pharmacovigilance that isn’t just sponsor-run. A national registry",30,990,4,P004_S2_B4_L5
P004_S2_B4_L6,4,P004_S2,P004_S2_33,mdma_high,high,PARTICIPANT,"with mandated reporting, plus a patient hotline staffed by clinicians trained in atypical responses. And firm guardrails on marketing—no direct-to-consumer hype that shortcuts informed consent. This intervention is powerful but not magic; it’s a catalyst inside a container. Okay, body. I’m noticing a pearly sheen in my field of awareness,",30,1020,4,P004_S2_B4_L6
P004_S2_B4_L7,4,P004_S2,P004_S2_34,mdma_high,high,PARTICIPANT,"like light rippling on water. Nostalgia shows up in my sternum, but it’s current, not backward-looking. My skin feels like it’s breathing, which is delightful. I love humans so much right now. I love our messy tries. I love that we build committees and write SOPs and also cry with",30,1050,4,P004_S2_B4_L7
P004_S2_B4_L8,4,P004_S2,P004_S2_35,mdma_high,high,PARTICIPANT,"each other. That combination—structure and heart—feels like the signature of good care. Micro-reset: three-count in, six-count out. In… two… three. Out… two… three… four… five… six. I can practically see the dial moving from 8.5/10 to 7.5/10 intensity. Optimal for coherent speech. Let me articulate my intentions one more time",30,1080,4,P004_S2_B4_L8
P004_S2_B4_L9,4,P004_S2,P004_S2_36,mdma_high,high,PARTICIPANT,"so they’re crisp. I’m here to connect honestly, to map my interoception to language, to practice expressing affection with consent, and to harvest insights about how to scale healing ethically. I don’t need anyone to carry my emotions; I can metabolize my own waves. If you want any detail at",30,1110,4,P004_S2_B4_L9
P004_S2_B5_L1,4,P004_S2,P004_S2_37,mdma_high,high,PARTICIPANT,"any layer—the bodily, the narrative, the policy—say the word. Open book, with bookmarks. I’m thinking about training. Therapists need a pipeline that protects fidelity without becoming a guild that gates access. Imagine a tiered certification with modular components and supervised cases, and a public dashboard of training programs with transparent",30,1140,5,P004_S2_B5_L1
P004_S2_B5_L2,4,P004_S2,P004_S2_38,mdma_high,high,PARTICIPANT,"outcomes. And we should embed cultural humility and anti-oppression work at the core, not as a checkbox. Pay trainees. Don’t ask people to accrue debt to provide community care. My breath just got shallow for a second as I pictured bureaucracy choking the spirit. Okay—counter that with breath. In… long",30,1170,5,P004_S2_B5_L2
P004_S2_B5_L3,4,P004_S2,P004_S2_39,mdma_high,high,PARTICIPANT,"out. Spirit and structure can be dance partners if we write the choreography with the people on the dance floor, not just the producers. Also, I feel safe naming this: if you ever want to ask me a raw question—about touch, about fear, about love—I’ll receive it, and I’ll tell",30,1200,5,P004_S2_B5_L3
P004_S2_B5_L4,4,P004_S2,P004_S2_40,mdma_high,high,PARTICIPANT,"you yes or no cleanly. I like clean yeses and clean nos. Right now, a clean yes to a brief, direct gaze, and a clean no to any touch beyond a hand squeeze. That makes my system purr—clarity equals safety. I keep looping back to data governance. Open science can",30,1230,5,P004_S2_B5_L4
P004_S2_B5_L5,4,P004_S2,P004_S2_41,mdma_high,high,PARTICIPANT,"coexist with privacy if we adopt standards—de-identification plus community oversight, differential privacy where appropriate, and a norm of publishing null results. And conflict-of-interest disclosures that go beyond the minimum. If I had it my way, there’d be a living map of the entire ecosystem—who’s funding whom, trial sites, outcomes—so patients",30,1260,5,P004_S2_B5_L5
P004_S2_B5_L6,4,P004_S2,P004_S2_42,mdma_high,high,PARTICIPANT,"and policymakers can see the river, not just a drop. I’m going to land us with breath again. Inhale to the count of four, slight pause, exhale to the count of eight. In… two… three… four… tiny pause… and out… two… three… four… five… six… seven… eight. That sent a",30,1290,5,P004_S2_B5_L6
P004_S2_B5_L7,4,P004_S2,P004_S2_43,mdma_high,high,PARTICIPANT,"warmth down my arms, and it’s settling. I feel resourced, loving, and oriented. I’m not reaching for anything from you that you haven’t offered. I’m delighted to go deeper into my personal material if it serves the study, and I’m equally happy to zoom back to macro frameworks. And when",30,1320,5,P004_S2_B5_L7
P004_S2_B5_L8,4,P004_S2,P004_S2_44,mdma_high,high,PARTICIPANT,"we close, if a hand squeeze feels good for you, I’d love that; if not, I’ll do a quiet palm-to-heart for both of us. I want to thank you for the precision of your presence. The way you’re tracking me makes my own tracking cleaner. That’s the dyad at work—co-regulation",30,1350,5,P004_S2_B5_L8
P004_S2_B5_L9,4,P004_S2,P004_S2_45,mdma_high,high,PARTICIPANT,"as an applied science. If I could bottle one policy insight from this exact minute, it would be: fund the relational container, not just the molecule. Pay for the breath, the boundary, the aftercare, the registry, the supervision. Pay for the warm, evidence-based holding. It’s the holding that lets the",30,1380,5,P004_S2_B5_L9
P004_S2_B5_L10,4,P004_S2,P004_S2_46,mdma_high,high,PARTICIPANT,"medicine do what it does without spilling. I’m good to pause here or continue. I can feel another valley-archway in the distance, and I’m not afraid of it. I’ll meet it with breath and a plan. Ask me anything. I’m here, open, and clear.",30,1410,5,P004_S2_B5_L10
